Id,Text,User Name,Date of Tweet,Like Count,Comment Count,retweet Count,View count,countOfWords,countOfPositive,countOfNegative,Art,Health,Politics,Science,Sport
1,No way jidion met Donald Trump at ufc 287 ,shannonsharpeee,18h,20200,134,1014,1600000,9,1,0,0,0,1,0,0
2,"Less than 24 hours after Easter, Donald Trump has gone on a completely manic posting frenzy as legal experts say his angry ranting may open the door to even more charges. Trump spent the entire morning today posting a blizzard of messages on his Truth Social account, shortly‚Ä¶",CalltoActivism,18h,13100,1283,2488,1900000,48,1,4,0,0,1,0,0
3,"DISGRACEFUL! Florida GOP Congressman Cory Mills told TIME that he‚Äôs endorsing Donald Trump for President AFTER his criminal indictment. Mills, a freshman member of Congress, represents a Central Florida district. Get this: Mills says that he‚Äôs endorsing Trump to ‚Äúunify‚Äù the‚Ä¶",joncooperttweets,13h,8251,1574,1476,1700000,41,2,1,0,0,1,0,0
4,"Jim Jordan, who chairs the ""weaponization committee,"" has been busy weaponizing Congress against Alvin Bragg. He scheduled a hearing here in NYC in an attempt to intimidate the Manhattan DA and interfere with the prosecution of Donald Trump. How is this remotely ethical?",RitchieTorres,20h,7866,1043,2971,725600,43,0,2,0,0,1,0,0
5,"Say what you will about the man, but I am here to tell you that the Donald Trump Toilet Bowl Brush is AMAZING! Maybe the best toilet bowl brush ever!",DougWahl1,14h,796,144,198,13800,30,2,0,0,0,1,0,0
6,"The crowd erupts as Donald Trump sits in the front row at #UFC287 with Dana White, Mike Tyson and Kid Rock",nojumber,24h,8795,178,942,693100,21,1,0,0,0,1,0,0
7,Fake News hid Hunter's laptop to steal ONE election... ABC squashed the Epstein story cuz Hillary Clinton was running against Donald Trump for President. Despite the Radical Left's weaponization of Big Tech & Big Media to hide it all to protect themselves while running a‚Ä¶,PTRUMPFORTX2020,16h,595,49,261,109400,45,2,3,0,0,1,0,0
8,Donald Trump is the FIGHTER America needs!,NickAdamsinUSA,12h,2371,957,417,58900,7,1,0,0,0,1,0,0
9,The People LOVE Donald Trump üá∫üá∏President 45 had the entire UFC Arena buzzing all night. #UFC287,OleMurica,24h,1348,41,345,154400,16,2,1,0,0,1,0,0
10,"The real reason MAGA is a problem for the elites has nothing to w Donald Trump. It‚Äôs because MAGA really represents ‚Äòwethepeople‚Äô - all people - regardless of race, color, creed or faith. It‚Äôs the first movement actually standing up for the people & not controlled by the powerful",laralogan,7h,4596,209,1355,88300,49,1,1,0,0,1,0,0
11,For anyone still in doubt. Here is he saying the quiet part out loud. Joe Biden and his team are coordinating the Trump indictments to stop Donald Trump from being the next president again.....,ricwe123,6h,202,26,90,16300,34,2,0,0,0,1,0,0
12,Is russia granting asylum to Donald Trump,karma44921039,24h,295,9,140,23400,7,1,0,0,0,1,0,0
13,Fun Fact: Every single state that voted for Donald Trump in 2020 receives more money from the federal government than they contribute to the federal government. Happy Red Welfare States Day to all those who take and celebrate.,jefftimmer,24h,20300,239,5145,1100000,38,3,0,0,0,1,0,0
14,Joe Biden‚Äôs White House Involved in Raid on Donald Trump‚Äôs Mar-a-Lago Residence. Is anyone surprised?,RepTroyNehls,11h,3902,505,1515,157500,15,0,0,0,0,1,0,0
15,Donald Trump has failed to meet the deadline to disclose his personal financial holdings. The threatened initial penalty ‚Äî a meager $200 ‚Äî is the latest sign of how weak federal enforcement of campaign laws has become.,nytimes,9h,8097,530,2633,726800,37,1,4,0,0,1,0,0
16,The Dalai Lama tells young Indian Boy to suck on his tongue. This is the same Dalai Lama who once said Donald Trump lacks moral principal! There's a reason they all fear Trump!,reneeAZpatriot4,17h,1234,144,872,36000,33,1,3,0,0,1,0,0
17,""" The keyword $BTC has surpassed #DonaldTrump and a series of other famous keywords to become the most searched keyword today in the United States . """,tranhoan_37,3m,0,0,0,16,27,1,0,0,0,1,0,0
18,"Former President Donald Trump, all those lies you been telling and spreading is finally going to catch up with you, Trump, and the truth about you being a scoundrel, Trump, lying to America's ""working class and poor,"" and claiming you are their champion, lol.",jwtm13579,5m,1,0,0,4,44,0,2,0,0,1,0,0
19,"DA Alvin Bragg has fired back at Kevin McCarthy's attempts to interfere with his ongoing criminal investigations into Donald Trump. I stand with Bragg and the rule of law, and next year, voters will help me defeat McCarthy.",JhonBurrowCA,13h,722,7,198,9828,38,1,2,0,0,1,0,0
20,I love Women for Donald Trump! I‚Äôd much rather know her than a Transgender thing they try to call Women!,gregory186787,4h,16,2,5,382,20,1,0,0,0,1,0,0
21,Would you let Donald Trump near your daughters?,pesachlattin,11h,31,46,16,4753,8,1,0,0,0,1,0,0
22,I miss Presidents that attend press conferences and answer questions. (AKA Donald Trump),Sassychickie,12h,242,22,34,3074,13,0,1,0,0,1,0,0
23,"I don‚Äôt know who needs to hear this, but Donald Trump received more votes than any Republican in the history of our country‚Ä¶ and if you think this was a legit election , you deserve the future the Democrats have in store for you.",NnPnemck,21h,236,14,94,5376,44,1,0,0,0,1,0,0
24,I‚Äôm not being dramatic when I say Donald Trump could use the ‚ÄúN‚Äù word during a prime time speech on TV and the only thing that would happen is his approval numbers would go up.,Jo_IsABitch,8h,120,20,8,2220,35,2,0,0,0,1,0,0
25,"DISGRACEFUL! Florida GOP Congressman Cory Mills told TIME that he‚Äôs endorsing Donald Trump for President AFTER his criminal indictment. Mills, a freshman member of Congress, represents a Central Florida district. Get this: Mills says that he‚Äôs endorsing Trump to ‚Äúunify‚Äù the‚Ä¶",joncoopertweets,13h,8356,1580,1477,1800000,41,2,1,0,0,1,0,0
26,Stormy Daniels: I'll go to jail before I pay Donald Trump a penny. Us:,redvoicenews,24h,220,121,72,33000,14,1,1,0,0,1,0,0
27,"I just found out tonight that the J6 Insurrection has already cost the United States $2.6 Billion in investigation and legal costs to convict and incarcerate the guilty. 
I say when Donald Trump is convicted of concocting & inciting an insurrection, he should be ordered to pay‚Ä¶",mikecleere,7h,61,5,15,632,47,1,1,0,0,1,0,0
28,"'Fox News' has just been reclassified into the Romper Room and Sesame Street category, to please their most ardent follower; 8-year-old Donald Trump.",RickOceanMusic,16m,9,1,3,211,23,1,0,0,0,1,0,0
29,Questions Donald Trump does NOT want answered! Why was Vice President Mike Pence's security badge disabled during the insurrection?,JamesTate121,8h,117,5,44,5923,19,1,2,0,0,1,0,0
30,Donald Trump Jr. seems to think he's getting hit with treason charges or something,PalmerReport,8h,1020,63,194,41900,14,1,1,0,0,1,0,0
31,Donald Trump's favorability rating collapses to 25%. Obstruction of Justice has consequences. #TrumpisaNationalDisgrace,CrockerBoy,2h,11,2,2,308,13,0,1,0,0,1,0,0
32,The real reason they want you to hate Donald Trump.,nickveniamin,24h,142,4,83,4011,10,0,1,0,0,1,0,0
33,"Donald Trump and a list of Republican lawmakers are now contemplating the use of the US military to attack drug cartels in Mexico, even though the vast majority of fentanyl is sourced from China. My question is, does this mean that the Canadian military could be used by the‚Ä¶",EdKrassen,1h,882,385,136,232100,49,1,1,0,0,1,0,0
34,I U Donald Trump!!! https://youtu.be/-Ti1b-RRBjI,stephanegaddis,20m,23,5,5,404,5,0,0,0,0,1,0,0
35,We cannot risk our entire country because Donald Trump wants a do over. #DeSantis2024,GovRealDeal,1h,33,122,7,226,14,1,1,0,0,1,0,0
36,Huge news.,DineshDSouza,13h,2653,105,662,118100,2,0,0,0,0,1,0,0
37,Adin Ross talks about his experience meeting former president Donald Trump.,AdinUpdate,12h,66,122,1,5673,11,0,0,0,0,1,0,0
38,"I don‚Äôt care if you‚Äôre attractive and I don‚Äôt care if you graduated from college and I don‚Äôt care if you have a job but if you hate Donald Trump as much as I do, I want to marry you.",TheFungi669,9h,193,22,13,1884,40,2,1,0,0,1,0,0
39,"Keir Starmer is the UK equivalent to Donald Trump. Both will say and do anything to get power, lying comes naturally to both of them and neither of them has historically supported the party that they went on to lead. #NeverStarmer",snoopdogtanian,24h,380,50,218,13500,41,1,1,0,0,1,0,0
40,"Any law enforcement agency that Donald Trump calls ""corrupt"" are really just holding him accountable for his various crimes he is guilty of. The orange menace found out he is not above the law and now throws temper tantrums everyday.",JamesTate121,8m,7,122,2,60,40,1,3,0,0,1,0,0
41,Whoever deleted those Secret Service text messages should go to prison along with Donald Trump.,theliamnissan,24h,7608,74,599,12500,15,0,1,0,0,1,0,0
42,Nahhhh Adin Ross and Jidion got to shake hands with Donald Trump,iaintisiah,24h,185,4,4,23000,12,1,1,0,0,1,0,0
43,"Donald Trump launched the greatest political movement in our history, dealt death blows to the globalist takeover of America (saved SCOTUS) & reinvigorated the badly injured American spirit Ron Desantis ended his lockdown earlier than other states There‚Äôs no comparison",_johnnymaga,12h,403,31,74,8031,40,2,2,0,0,1,0,0
44,[empty],,,3483,122,538,248461,1,0,0,0,0,1,0,0
45,"Donald Trump should have his bail revoked immediately. He should be held in jail until his trial. Not only is he a flight risk, but he will likely commit even more crimes now that he is out on bail. Do you agree? Yes or No?",ericareport,9h,428,164,92,7374,45,1,0,0,0,1,0,0
46,We don‚Äôt have to say ‚Äúlet‚Äôs go Brandon!‚Äù We already have ‚ÄúFuck Donald Trump!‚Äù,Pfleeceman,3h,106,2,19,1506,14,0,0,0,0,1,0,0
47,Report:¬†Joe Biden‚Äôs White House Involved in Raid on Donald Trump‚Äôs Mar-a-Lago Residence,TexasBob53,2h,0,0,0,10,13,0,0,0,0,1,0,0
48,Donald Trump Warned That World War III Is Almost Here,PatrioticOn22,2h,0,0,0,8,10,1,1,0,0,1,0,0
49,"It is simple, donald trump is a corrupt individual and he has been basically all his life. Those of you still support him need to look at yourselves in the mirror, and ask, ""What the fuck is wrong with me?""",slenarz,2h,20,0,5,116,40,2,3,0,0,1,0,0
50,"#Breaking: The major criminal investigations into Donald Trump, explained",deepeaknegi07,2h,0,1,1,23,9,0,1,0,0,1,0,0
51,#estacreciendo el rechazo por Donald Trump #Alejandrosanz,rolitoensua,2h,0,0,0,10,7,1,0,0,0,1,0,0
52,How far down can Donald Trump drag America?,AndrewC66721154,2h,0,0,0,5,8,1,1,0,0,1,0,0
53,We‚Äôre so so glad that Donald Trump is FINALLY being held accountable for one of his many¬†crimes! But pressure is growing for President Biden to PARDON Donald¬†Trump.,LimenAdnan,3h,0,0,0,3,29,3,0,0,0,1,0,0
54,"Donald Trump will seek the presidency in 2024, according to Sean Spicer.",TrueVoice200,3h,0,0,0,11,12,1,0,0,0,1,0,0
55,"How smart was derailed Donald Trump dictatorship by Electoral College, otherwise America could been farther from the truth.",Dumboll,3h,1,0,0,4,18,2,0,0,0,1,0,0
56,"Donald Trump's twin brother Ronald Trump is locked in a dungeon in Trump Tower. He is quite mad, believing in climate change, gun control, and being a law-abiding citizen.",oldjumpers,3h,23,1,1,757,29,2,1,0,0,1,0,0
57,#NoPudieronNiPodr√°n El circo pol√≠tico tras el arresto de Donald Trump.,MDCamacaro,3h,0,0,6,17,10,0,0,0,0,1,0,0
58,"The left calls Elon Musk ‚ÄúBreast Obsessed‚Äù by covering the W in Twitter when it‚Äôs done as a joke, but glorifies someone pretending to change their sex",4Mischief,1h,32,0,13,3641,27,0,0,0,0,0,1,0
59,Cool name..! #YOSHIKI #X„ÄÄ#XJAPAN„ÄÄ#Twitter„ÄÄ#TwitterJapan ,YoshikiOfficial,18m,1205,63,592,67000,7,1,0,0,0,0,1,0
60,"Elon Musk is worth $188B. He's the most richest person in the world. This is his bedroom, make nobody pressure me again.",abduljoe11,3h,187,19,71,17000,22,1,0,0,0,0,1,0
61,Vladimir Zelensky met with former British billionaire Richard Branson Branson has just filed for bankruptcy his company that was supposed to compete with Elon Musk rightfully meets the president of the world's most bankrupt nation they also share the pleasure of white snow,its_maria012,4h,55,14,15,4476,43,2,1,0,0,0,1,0
62,"Elon Musk makes fun of the Federal Reserve, saying World of Warcraft economy is lightyears better.",WhaleChart,2h,337,49,337,13000,16,1,0,0,0,0,1,0
63,Interesting...Elon Musk is worth $188B. One of the richest people in the world. This is his bedroom: ,pmcafrica,2h,122,42,28,47000,17,1,0,0,0,0,1,0
64,"NEW Twitter Inc. no longer exists and has been absorbed by Elon Musk-owned X Corp in plans to become an ""everything app"" like China's WeChat.",RadarHits,33m,419,39,70,21000,25,1,0,0,0,0,1,0
65,"Hey, ",FellaSnape,34m,127,50,63,1353,1,0,0,0,0,0,1,0
66,Replying to,elonmusk,4h,63000,3289,3790,3000000,2,0,0,0,0,0,1,0
67,Elon Musk helps Russian propaganda. He refuses to block Russian calls for the genocide of Ukrainians ,StratcomCentre,1h,128,9,58,7782,16,0,2,0,0,0,1,0
68,Something must be wrong with that ,hon_Asadiq,1h,43,9,14,1996,6,0,1,0,0,0,1,0
69,Guysss Elon Musk dmed me but why is he have only 243 followers pvt account hmm,Nknilay07,1h,12,11,2,193,16,0,0,0,0,0,1,0
70,"Save the Climate, Drive Electric Elon Musk must be a Genius https://twitter.com/doubleDutchquak/status/1604829837515956225?s=20",doubleDutchquak,5h,54,6,35,3997,12,1,0,0,0,0,1,0
71,"Shebi on twitter all of us are rich now 200k salary na small money 20k hotel no make sense 5k and 12k nails na trenches We are all jeff bezos and elon musk outchere WHAT GOD CANNOT DO , DOES NOT EXIST Hallelujah",neduokoyee,3h,22,8,19,2064,43,1,0,0,0,0,1,0
72,"Elon #Musk a vir√© 90% des effectifs de #Twitter, et √ßa marche aussi bien qu'avant : est-ce qu'on ne devrait pas faire la m√™me chose avec le #gouvernement ? #Supprime",TheAnverSolal,5h,540,37,225,11000,30,0,0,0,0,0,1,0
73,Elon Musk is 100% pro-Russian genocide-supporting Putin‚Äôs asset. Everything he does points at his cooperation with Russian government,VsimPohuy,2h,390,6,59,12000,18,0,0,0,0,0,1,0
74,Breaking News Seems Elon musk just changed Twitter‚Äôs logo to ,utep_eth,1h,13,16,5,2682,10,0,1,0,0,0,1,0
75,"Elon Musk refused to delete Dmitry Medvedev's tweet that ""Ukraine will disappear... because no one needs it.‚Äù Musk noted that people should make their own decisions on this matter. That's the right decision. P.S. His uniform fits him well ",onlydjole,2h,15,1,1,366,39,2,1,0,0,0,1,0
76,People give up reporting crime when no action is taken or the criminal is immediately released. They actually call it ‚Äúcatch and release‚Äù.,elonmusk,5h,15000,873,2407,760000,23,0,2,0,0,0,1,0
77,This is an AI generated image. ,YoadBH,5h,7,1,4,415,6,0,0,0,0,0,1,0
78,@NigBarAssoc,AnyiDonFrank,3h,14,122,45,295,1,0,0,0,0,0,1,0
79,Here... we... go.,SmokeAwayyy,5h,137,8,7,9215,3,0,0,0,0,0,1,0
80,They know this but don‚Äôt care,abnheel,25s,0,122,0,248461,6,0,0,0,0,0,1,0
81,Waking up to reduced followers. Me to ,ifu_naya2,4h,24,1,21,356,7,0,0,0,0,0,1,0
82,"Elon, it's censorship that turns information into propaganda. If there is no directed censorship on Twitter, then people will figure out for themselves what is false and what is true. We hope you can continue to let the blue bird tweet freely ",vicktop55,7h,29,2,5,971,42,0,1,0,0,0,1,0
83,"Elon Musk's Tesla company will manufacture shipping container-sized batteries in Shanghai designed to store large amounts of electricity, Euronews reports.",Spriter99880,2h,10,0,1,1442,20,0,0,0,0,0,1,0
84,You should call your employees from now on X-Men ,AdamLowisz,5h,197,9,2,6625,9,0,0,0,0,0,1,0
85,Elon Musk is going to use Twitter to put the mainstream media on life support!,MattWallace888,7h,1266,84,119,29000,15,0,0,0,0,0,1,0
86,Elon Musk‚Äôs crowning achievement in life will be unintentionally proving that capitalism is NOT a meritocracy,KateGoesTech,5h,41,9,3,1443,16,2,0,0,0,0,1,0
87,"The left calls Elon Musk ‚ÄúBreast Obsessed‚Äù by covering the W in Twitter when it‚Äôs done as a joke, but glorifies someone pretending to change their sex",4Mischief,3h,35,122,13,3711,27,0,0,0,0,0,1,0
88,"NEW: Twitter ‚Äúno longer exists‚Äù after merging with a newly formed shell firm called X Corp., driving speculation about what Elon Musk intends for the social media platform",business,7m,23,6,27,14000,28,0,0,0,0,0,1,0
89,We have some of our best discussions with our kids :),AliciaHamilton0,46m,8,1,1,116,11,1,0,0,0,0,1,0
90,I would usually agree but Spotify in they Elon musk twitter era rn ,jordanisaiaha1,1h,5,0,1,591,13,0,0,0,0,0,1,0
91,You dey Ghana here dey tag Elon Musk. Kasoa self e no go reach,1DONORTEGA,51m,3,122,2,28,14,0,0,0,0,0,1,0
92,Ellen Musk I need a blue flag and I don't have any money,sos12xx,28m,1,1,0,43,13,0,0,0,0,0,1,0
93,"NEW Twitter Inc. no longer exists and has been absorbed by Elon Musk-owned X Corp in plans to become an ""everything app"" like China's WeChat.",cryptodailyTS,36m,20,1,3,456,25,1,0,0,0,0,1,0
94,"My vision is for a fully reusable rocket transport system between Earth and Mars that can re-fuel on Mars. This is very important, so you don't have to carry the return fuel when you go there. - Elon Musk",iishmalkhan,25m,0,122,0,248461,39,0,0,0,0,0,1,0
95,Elon Musk took over Twitter last fall pledging transparency. But Twitter's been failing to disclose some political ads running on its site since early March. How many other political ads will go unreported?,CREWcrew,2h,126,2,56,7503,33,0,2,0,0,0,1,0
96,Elon Musk is moving forward with a new generative AI project at Twitter after purchasing thousands of GPUs,BusinessInsider,1h,27,4,17,16000,18,0,0,0,0,0,1,0
97,"Elon Musk is said to be moving forward with an artificial-intelligence project within Twitter recently purchasing roughly 10,000 GPUs - Insider",StockMKTNewz,57m,77,5,13,14000,21,0,0,0,0,0,1,0
98,It‚Äôs all gone wrong between Twitter CEO Elon Musk and reporter Matt Taibbi.,the dailybeast,36m,16,2,5,2936,13,0,1,0,0,0,1,0
99,"Elon Musk is going to visit China next weekend The billionaire's schedule is expected to include a meeting with Shanghai's local authorities, reports the India Times. There is no official information about Musk's trip to China yet. Slavyangrad",its_maria012,3h,10,122,1,302,38,0,0,0,0,0,1,0
100,"Sarcasm Don't let your farts go to waste. Elon Musk is secretly working on a project 'Paad Charge' - word inspired from Hindi word '‡§™‡§æ‡§¶' to generate electricity. Initially, people will be able to charge their phones with their farts, Thread 1/3",PappiPunyatma,5h,21,2,12,924,42,0,1,0,0,0,1,0
101,His sense of humor stopped developing at 12. #ElonMusk,rocam54,5h,11,5,2,298,9,1,0,0,0,0,1,0
102,"Twitter Inc. no longer exists. From now it‚Äôs Corp. Elon Musk-owned X Corp. has absorbed Twitter Inc. as the first step to becoming an ""everything app"" similar to China's WeChat.",vegastarr,43s,1,0,1,21,30,0,0,0,0,0,1,0
103,Elon Musk is a threat to America‚Äôs national security. The USA should seize all his assets and banish him to Saudi Arabia.,fake_biden,8m,11,122,7,223,22,0,2,0,0,0,1,0
104,"This is what happens when you‚Äôre grifted so successfully that your 1st instinct is to jump to an insane conspiracy theory rather than use the smallest amount of cells, and remember what the population was doing during those years. Elon Musk and his keepers ladies and gentlemen",TaylorBickfordJ,5m,0,0,0,8,47,1,2,0,0,0,1,0
105,"A Rainbow is a sign of Hope and Love, Sow Love, I will say it was a Beautiful Perfect Day",GROWMOVEMENT2U,36m,13,4,1,784,20,2,0,0,0,0,1,0
106,"JUST IN: Elon Musk jokes Fed's economy lags behind ""World of Warcraft"".",CoingraphNews,4h,47,0,17,7314,12,0,1,0,0,0,1,0
107,"I challenge any of you to post actual evidence (an Infowars video that was edited doesn't count) that I am actually paid by anyone. Here's a hint. You can't, because I'm NOT!",krassentstein,5h,1308,337,15,100000,32,0,0,0,0,0,1,0
108,o elon musk averiguou que o perfil da amanda violou regras sanit√°rias,riqueluix,4h,8,0,1,306,12,0,0,0,0,0,1,0
109,"Una see Elon Musk Bedroom Among the Richest men in the world , Abeg Make Nobody Pressure me",adams_jbt,4h,0,0,0,13,18,0,0,0,0,0,1,0
110,Is anyone else completely unable to select ‚ÄúShow fewer Tweets from elonmusk‚Äù? ,DruidDobby,5h,3,2,0,222,12,0,1,0,0,0,1,0
111,"NEW: Twitter ‚Äúno longer exists‚Äù after merging with a newly formed shell firm called X Corp., driving speculation about what Elon Musk intends for the social media platform",technology,4h,7,1,16,3401,28,0,0,0,0,0,1,0
112,"Elon Musk said‚ÄîSmall price changes generate a large volume of orders. Tom Zhu said China price changes generate more orders than Tesla can make. Like Tesla may have data others don‚Äôt. (Sarcasm). Well, they do: A sophisticated variable pricing model. It isn‚Äôt a secret‚Äî& It Works.",SF___Tahoe,4h,12,122,1,163,46,2,0,0,0,0,1,0
113,Elon Musk too knew all about #Kejriwal ,NagarJitendra,44m,87,9,42,798,7,0,0,0,0,0,1,0
114,"BREAKING NEWS: CNN blasts Elon Musk, reveals that Twitter‚Äôs ‚Äúbrand value‚Äù has ‚Äúcrumbled‚Äù under his ‚Äúerratic‚Äù leadership because his strange, immature ‚Äúantics‚Äù have led to a sharp decline in Twitter‚Äôs reputation and advertising business. Elon Musk‚Äôs biggest mistake was to invite‚Ä¶",OmarRiverosays,11m,218,5,76,10000,41,3,4,0,0,0,1,0
115,Elon Musk Twitter vs Substack Writers Matt Taibbi and Dr. Robert Malone protest the loss of free speech and independent journalism,RWMaloneMD,53m,211,19,60,18000,21,1,2,0,0,0,1,0
116,"Elon Musk falou q compraria o Twitter pra dar 100% de liberdade de express√£o. Exceto qnd afeta ele ou prejudica a empresa dele. Ele censurou a tag ""Twitter apoia massacres"", mas se recusa a apagar contas q realmente apoiam e incentivam massacres em escolas.",felipeneto,44m,7133,204,1534,158000,44,0,1,0,0,0,1,0
117,Elon Musk CENSUROU a tag TWITTER APOIA MASSACRES. Elon Musk n√£o quer que voc√™ use a tag TWITTER SUPPORT MASSACRES. Voc√™ vai obedecer o Elon? ,slpng_giants_pt,7m,460,21,217,8982,25,1,0,0,0,0,1,0
118,"Tesla Shareholders, vote prior to Annual Meeting. Tesla Co-Founder JB Straubel nominated to Tesla Board of Directors. Re-elect Elon Musk & Robyn Denholm.",SF___Tahoe,3h,66,6,5,2877,23,0,0,0,0,0,1,0
119,Someone said even if BTS or Elon Musk or even the official twitter account give Efo Slim shoutout he still won‚Äôt blow. If ‚Äúlife is hard‚Äù was a person ,GhanaYesue_,32m,57,5,32,922,29,0,0,0,0,0,1,0
120,"I thought this was a meme, but then I remembered gardening is a real thing",NotElonMusk,2h,16,4,3,392,15,0,0,0,0,0,1,0
121,"ATEN√á√ÉO: Ap√≥s Elon Musk censurar a tag TWITTER APOIA MASSACRES, internautas sobem a tag em ingl√™s. TWITTER SUPPORTS MASSACRES",choquei,7m,975,67,137,41000,19,1,1,0,0,0,1,0
122,"Elon musk we don start again, bye for now ü•≤",9m,11,3,3,4,309,10,0,0,0,0,0,1,0
123,a little classic Jim Carrey sound up,jbrown11871,1m,0,0,0,6,7,1,0,1,0,0,0,0
124,"Me fez lembrar de uma √©poca da vida em q assistir a um filme do Jim Carrey (poiz√©) em q ele s√≥ podia dizer sim, e nesse per√≠odo eu resolvi q faria o mesmo (dentro do poss√≠vel). Foi um per√≠odo interessante.",Nadynne,2m,0,1,0,1,41,0,0,1,0,0,0,0
125,"Hubs and the Boyspawns are having a Jim Carrey marathon, oh joy. So far, Liar Liar and Bruce Almighty.",kizletwiggle,3m,2,3,0,1,19,0,1,1,0,0,0,0
126,Iconic Jim Carrey humor.,NotDafia,24m,3,122,0,33,4,0,0,1,0,0,0,0
127,"One of Jim Carrey's other greatest drama films, Eternal Sunshine",Chris53891059,24h,177,1,5,4356,10,1,0,1,0,0,0,0
128,The shouldn't have let Jim Carrey talk... Now it's too late... ,foortheculture,24h,6,1,0,424,11,0,0,1,0,0,0,0
129,"If Jim Carrey doesn‚Äôt reprise his role as Eggman for Sonic 3 before his planned retirement, that movie is doomed.",MevansOdyssey,24h,328,24,42,7753,20,0,0,1,0,0,0,0
130,Yep. Jim Carrey makes me feel squicky.,kizletwiggle,24s,0,0,0,248461,7,0,0,1,0,0,0,0
131,"Cardio hj √© ao lado do Jim Carrey Soldado. Uma inspira√ß√£o, eu diria.",01lyrae,3m,0,122,0,0,13,0,0,1,0,0,0,0
132,Jim Carrey. Lil Kim (THEE nicest ever). David Beckham. Magic Johnson.,Woloolingitup,4m,0,0,0,12,11,2,0,1,0,0,0,0
133,Jim Carrey en su √©poca Prime es lo m√°s gracioso que existe en todo el cine.,Y3DAYh,16m,0,0,0,4,16,0,0,1,0,0,0,0
134,Shamefully Done....Beverly Hills Cop 2 was directed by Late Tony Scott..David Dhawan copied Beverly Hills Cop Series in Bade Mia Chote Miya 1999 too. He also copied Jim Carrey movies like Dumb and Dumbmer in many films. Aankhen had a Vulgar song too featuring Shilpa Shirodkar too,BBHASKARAGNIHOT,18m,0,0,6,248461,47,1,3,1,0,0,0,0
135,I purchased this print from Comedian Jim Carrey. It is 100% spot on. #BanAssaultWeaponsNow ,WEMUSTOKE,11m,1,0,1,38,14,0,0,1,0,0,0,0
136,Jim Carrey did this bit better.,AlaricBalth,21m,0,0,0,7,6,0,0,1,0,0,0,0
137,Name the movie with Jim Carrey!,CPR1881,4h,0,1,0,8,6,0,0,1,0,0,0,0
138,LOOKING LIKE JIM CARREY TO ME. LIAR LIAR. OVERACTOR! JEZEBEL! IF YOU KNOW YOU KNOW..,TrumpWonUknow,13h,0,0,0,12,15,1,1,1,0,0,0,0
139,"And 23 years ago when I first joined his newsroom and journalism, I remember he came across like this stern General when we first him. ‚Ä¶But very soon we realised he was infact Jim Carrey ",kayezad,1h,0,122,0,38,35,1,1,1,0,0,0,0
140,"N√ÉO ERA NEM PRA TER CONTRATADO, J√Å COME√áA A√ç. DIRETORIA = JIM CARREY",pokepauper_br,1h,0,0,0,1,13,0,0,1,0,0,0,0
141,Tener a Jack black como bowser y Jim carrey a Eggman es lo mejor que nos ha pasado en esta vida Digan GRACIAS,mamafurba,1h,43,3,5,391,23,0,0,1,0,0,0,0
142,"Mom: ""Look our babe talking with Jim Carrey""",haydiesque,1h,0,0,0,13,8,0,0,1,0,0,0,0
143,Doesn't Rick Scott look like the Fire Marshall character Jim Carrey did on In Living Color!,JacyFraklyn,2h,1,1,0,33,16,1,0,1,0,0,0,0
144,Le film le plus sous-cot√© de Jim Carrey,Riiiveeers,2h,0,0,1,959,8,0,0,1,0,0,0,0
145,Jim Carrey is the best actor,LifeLacker420,3h,6,1,0,115,6,1,0,1,0,0,0,0
146,When Your Adrenochrome dries up #SaveTheChildren Johnny Depp 2016/2018 Jim Carrey 2016/2018 #WhereAreTheChildren,l42022425,3h,25,1,15,792,13,0,0,1,0,0,0,0
147,Which celebrities do you get compared to? Soy el hijo perdido de Jim Carrey.,Jona_Roque,4h,8,1,1,271,14,0,0,1,0,0,0,0
148,Jim Carrey went crazy in the mask,quvism,4h,2,1,0,55,7,0,1,1,0,0,0,0
149,Warner Bros est√° planejando 'Ace Ventura 3' com o retorno de Jim Carrey - https://cinepop.com.br/warner-bros-esta-planejando-ace-ventura-3-com-o-retorno-de-jim-carrey-407770/,cinepop,4h,30,2,1,1380,15,0,0,1,0,0,0,0
150,"I think if you were not familiar with real Andy Kaufman, maybe Jim Carrey‚Äôs performance of his bits in Man on the Moon can standalone as funny but doesn‚Äôt really work as funny when you can compare to the original. Separately, do you like the Silver Diner?",EvanSusser,4h,1,1,0,217,47,2,1,1,0,0,0,0
151,Al√†ric acaba de enterarse de tu opini√≥n sobre Jim Carrey... Atentos al pr√≥ximo programa.,Minaya_Rubio,4h,5,2,1,695,14,0,0,1,0,0,0,0
152,OMG LOVE IT! JIM CARREY ROCKS,CINDYOLYNEY,4H,1,122,0,3,6,1,0,1,0,0,0,0
153,Yyyeeesss! I loved when Jim Carrey movies got cartoons. The Dumb And Dumber one was brilliant too. Loved Godzilla and Men In Black. Timon and Pumba from The Lion King too. ,Paul_Berney,4h,1,1,0,8,31,2,1,1,0,0,0,0
154,(Jim Carrey | Nicholas Cage) as Tom Cruise in Top Gun.,GanWeaving,4h,12,1,5,1249,11,1,0,1,0,0,0,0
155,Jim Carrey ,SteelyStreams,4h,102,491,538,248461,2,0,0,1,0,0,0,0
156,"Como dir√≠a el Chary de Loquero, para qu√© toda esta dialectica en Historia? Si al final podes analizar la historia, la religi√≥n y la econom√≠a con una comedia de Jim Carrey",frxntovik,4h,2,0,1,88,31,0,0,1,0,0,0,0
157,Jim Carrey exposing the illuminati. I heard the audience was so quiet you could hear a pin drop but they added the laughter afterwards.,bookis714,5h,14,122,4,246,24,1,0,1,0,0,0,0
158,Fuente: una pel√≠cula de Jim Carrey. El final....,Migsasua,5h,12,2,2,771,8,0,0,1,0,0,0,0
159,"one that i get pretty commonly is ""you look like a who from the jim carrey grinch movie"" they're correct of course but woah",Nooramorph,5h,178,9,0,6531,24,3,0,1,0,0,0,0
160,Jim Carrey hat bei Saturday Night Live. Es war mal ein Witz. Jetzt ist es - wie vieles - Realit√§t.,unblogled,5h,80,1,4,1149,20,0,0,1,0,0,0,0
161,Taylor Swift spotted out to dinner in NYC tonight with Jack Antonoff,TSwiftNZ,16h,50900,389,10500,3900000,12,1,0,1,0,0,0,0
162,Millie Bobby Brown announces her engagement via Instagram with a lyric from Taylor Swift's ‚ÄòLover.,PopBase,6h,78900,993,14100,5900,15,0,0,1,0,0,0,0
163,taylor swift poet of our generation,celestialswiftt,20h,4039,8,835,124000,6,1,0,1,0,0,0,0
164,Taylor Swift was spotted wearing her iconic 'J' necklace despite there being rumors from major news outlets about her and Joe Alwyn breaking up.,InezNot,15h,7858,89,1247,724800,24,1,2,1,0,0,0,0
165,everyone‚Äôs reactions to seeing her‚Ä¶princess of the universe taylor swift,dontblameklara,14h,19100,41,1757,452600,10,1,0,1,0,0,0,0
166,"""TAYLOR SWIFT IS A DARKER WOMAN"" OKAY SWIFTIES BYE LMFAOOOOO",Jeonspencer7,2h,813,28,159,16100,10,1,1,1,0,0,0,0
167,She is filming a music video in the middle of her tour and break up. Nobody works harder than taylor swift,NotFancy_,23h,14700,62,1380,467700,21,2,1,1,0,0,0,0
168,"remember, when taylor swift went home and tried to stalk joe alwyn on the internet after meeting him for the first time at the 2016 met gala.",swiifttoursonggg,20h,9586,28,881,318100,27,1,0,1,0,0,0,0
169,Taylor Swift spotted out and about by a fan recently (supposedly in NYC),TSwiftNZ,16h,8963,65,1211,1600000,13,1,0,1,0,0,0,0
170,Taylor Swift going out for dinner in New York.,PopBase,15h,46200,625,5182,6000000,9,1,0,1,0,0,0,0
171,taylor swift a day after her break up news 2016 ‚Äî 2023,ThrowbackTaylor,16h,28100,108,2603,1300000,12,1,1,1,0,0,0,0
172,one thing about taylor swift is that she will only be seen when she wants to be seen,lottyinthetrees,16h,6682,11,517,139800,18,1,0,1,0,0,0,0
173,I refuse to believe that it took Joe Alwyn almost 7 years to figure out how famous Taylor Swift is,shookswiftie,24h,20200,71,1302,879800,20,2,1,1,0,0,0,0
174,taylor swift out and about in new york city,fordhooIden,16h,8765,6,1165,240600,9,1,0,1,0,0,0,0
175,No one will survive when taylor swift re-records reputation tv,NotFancy_2h,,770,7,125,15100,10,2,0,1,0,0,0,0
176,i love taylor swift so much,soitfuckingoes,20h,24300,17,2884,551700,6,2,0,1,0,0,0,0
177,swifties having a breakdown because millie bobby brown used taylor swift lyrics for her engagement post in the week that‚Äôs in it,markruffaloTD,7h,821,3,78,73200,22,1,1,1,0,0,0,0
178,Starbucks and Duolingo receive backlash for using Taylor Swift‚Äôs breakup as marketing.,ThePopTingz,1h,1542,83,153,94500,12,0,1,1,0,0,0,0
179,Nick Cannon says he wants to have his 13th child with Taylor Swift,SaycheeseDGTL,4h,2208,240,463,740700,13,1,0,1,0,0,0,0
180,what taylor swift song would you listen to here?,celestialswiftt,29m,301,113,35,10300,9,1,0,1,0,0,0,0
181,Karina in taylor swift‚Äôs fearless era,eternallykarina,2h,467,122,166,7251,6,1,0,1,0,0,0,0
182,louis tomlinson but as different taylor swift albums !! made by me <3,91SWEETHOAX,5h,95,2,18,3405,13,1,0,1,0,0,0,0
183,taylor swift: best believe i'm still bejeweled,hemsworthfode,13h,57,9,8,108,7,1,0,1,0,0,0,0
184,omg guys this pic of taylor swift and joe alwyn,wildestlesbian,2h,331,5,40,6986,10,1,0,1,0,0,0,0
185,taylor swift / cardigan,thepopquote,2h,2164,6,526,112200,4,1,0,1,0,0,0,0
186,"firstkhao, akkayan, and sanray pictures as taylor swift lyrics a thread ",aintkhao,24h,108,122,29,2587,11,1,0,1,0,0,0,0
187,Footage of Joe Alwyn begging Taylor Swift for $20 in order to be able to afford food post breakup,cuntlor,9h,71,2,6,2930,19,2,2,1,0,0,0,0
188,My playlist hopping from Rende ni Rong by Wakadinali to Bigger Than The Sky by Taylor Swift ,Trapavelli13,3m,1,0,0,248461,17,1,0,1,0,0,0,0
189,"Long shot but we are selling our 2 Taylor Swift tickets for Friday 4/14 at Raymond James stadium, Tampa FL, both are floor tickets, pls Dm if you want them.",stdsq,2m,0,0,0,248461,30,1,0,1,0,0,0,0
190,Como dir√≠a Taylor Swift ‚Äúme pregunto si esquiv√© una bala o solo perd√≠ el amor de mi vida,samiii_333,1m,0,0,0,248461,18,1,0,1,0,0,0,0
191,"13th.?!?! bruhhh, im trynna have my 1st kid with Taylor Swift. NC trippin bro.",2xDie4,2m,0,0,0,1,14,0,0,1,0,0,0,0
192,i love Taylor Swift ,asht3R_,2m,0,1,0,3,4,2,0,1,0,0,0,0
193,"iso two taylor swift tickets for atl night 2 (apr. 29th) !! any section, just don‚Äôt want to spend more than $350 tota",karmacinema,8m,3,5,0,30,23,1,0,1,0,0,0,0
194,T√¥ fechad√£o com a Taylor Swift ,naia_ian,10m,1,0,1,24,6,1,0,1,0,0,0,0
195,"If Morgan Wallen & Taylor Swift makes a song together, i will not be okay ",SelenaZavala__,11m,0,0,0,248461,15,1,0,1,0,0,0,0
196,Lana's biggest hit is a taylor swift album track btw,Lavendertyler23,11m,0,1,0,27,10,1,0,1,0,0,0,0
197,"j‚Äô√©coute Taylor Swift en marchant sous la pluie, comportement de main character",_thvx_,15m,1,0,0,29,12,1,0,1,0,0,0,0
198,Camden by Gracie Abrams and this is me trying by Taylor Swift are basically sisters.,92camouflage,17m,0,0,0,25,15,1,0,1,0,0,0,0
199,These are the days I understand why Taylor swift fell off the face of the earth for a year,zulemarenterias,19m,0,0,0,17,19,1,1,1,0,0,0,0
200,Melhores m√∫sicas de cada √°lbum da Taylor Swift pra mim ‚Äì a thread,sixcobaltswift,22m,2,1,2,159,13,1,0,1,0,0,0,0
201,tired: lightning foundation making money off of signed jerseys wired: lightning foundation making money off of taylor swift tickets,morganbolts,22m,5,0,0,158,19,1,0,1,0,0,0,0
202,I GOT TAYLOR SWIFT ERAS TOUR TICKETS FOR SUNDAY I AM GONNA SEE TAYLOR SWIFT IN CONCERT,MsOcampoWriters,24m,2,1,0,48,17,1,0,1,0,0,0,0
203,"Funny how it's wrong to ship real people until Taylor Swift breaks up with her fiance, or Millie gets engaged, or Phoebe and Paul split, or Andrew Garfield and Amelia Dimoldenberg are flirting on the red carpet... etc etc. JUST SAYING.",corrodedcoffinx,24m,16,1,5,459,41,1,3,1,0,0,0,0
204,"Taylor Swift y Avril Lavigne cantando ""Complicated"" es mi amor",Hopi_mind,25m,1,0,0,22,10,1,0,1,0,0,0,0
205,It‚Äôs been 14 years I just wanna see taylor swift and coldplay live,alaaa_sm,26m,0,0,0,23,13,1,0,1,0,0,0,0
206,Taking #COVID19 seriously. Pity our politicians aren't.,astaines,13h,49,10,21,2596,7,0,1,0,1,0,0,0
207,"Hi. I'm Zack. I live in Canada and I refuse to accept policies and behaviors that promote mass formation psychosis and totalitarianism from #COVID19. I will continue to wear a mask to protect myself, my family, and you. What about you?",ztisdale,12h,457,24,80,15000,41,1,1,0,1,0,0,0
208,High risk of autoimmune diseases after COVID-19 https://nature.com/articles/s41584-023-00964-y,ejustin46,4h,206,3,108,6393,8,0,1,0,1,0,0,0
209,The Great COVID-19 Vaccine Bribe,66MustangSal,16h,222,14,267,10000,5,1,0,0,1,0,0,0
210,"""New York Times is not alone...The New Yorker, The Washington Post, and NPR, to name just a few, have amplified voices and arguments that helped create a narrative that not only pathologizes those who remain cautious about the disease...""",lauriealle,17h,3224,19,1019,175000,39,1,0,0,1,0,0,0
211,"""Compelling and reliable evidence that #SARSCoV2 infection is linked to a substantially increased risk of developing diverse new-onset AUTOIMMUNE diseases after the acute phase of SARS-CoV-2 infection"" #LongCovid ",HarrySpoolstra,5h,385,16,192,27000,28,1,2,0,1,0,0,0
212,"The birth rate in Sweden has now been at a record low for 14 consecutive months, which correlates with the mass vaccination of the fertile part of the Swedish population against COVID-19. This decline in the birth rate is exceptional, never before seen since 1900 unless preceded‚Ä¶",lakaruppropet1,18h,178,15,67,11000,47,1,1,0,1,0,0,0
213,"We had Ebola in 2014/15, then Covid-19 in 2020/21, and now Obidiots in 2022/23",jeffphiliphs1,19h,851,132,426,65000,14,0,0,0,1,0,0,0
214,"From the makers of the ‚Äò#Plandemic‚Äô and the same people who brought you ‚ÄòMonkey Pox‚Äô, now they bring ‚ÄòArcturus‚Äô, the most deadly Covid 19 strain yet. Give me a break.",SpacePirate144,8h,77,40,26,2145,30,0,2,0,1,0,0,0
215,TDs and Senators are being asked to take an antigen test 24 hours before US President Joe Biden‚Äôs joint Oireachtas address as part of strict rules for politicians. But but but I thought Covid was over?,MeetJess,22h,2733,98,895,141000,36,0,1,0,1,0,0,0
216,"Listen to their reasons for getting vaccinated.. Sorry, but it‚Äôs all soft cock window dressing excuses. Too many young people folded like a cheap deck of cards. #COVID19 #vaccination",JP__75,5h,43,21,10,1488,29,2,1,0,1,0,0,0
217,"Hi. I'm Jane. I live in #Canada. I know that #CovidIsNotOver and #COVIDisAirborne. I do not accept nor agree w/ policies & behaviours that promote mass infection, disability & death from #COVID19. I continue to wear a mask to protect myself, my family, & you. Will you #MaskUp? ",JANEMCARTHUR11,1h,86,5,18,1172,48,1,1,0,1,0,0,0
218,"Saint Paul, MN - 16 year old hockey player Cormick Scanlan died after suffering multiple strokes on Dec.25, 2022 COVID-19 mRNA vaccines greatly increase the risk of strokes #Diedsuddenly #cdnpoli #ableg https://nypost.com/2022/12/28/teen-athlete-dies-after-suffering-stroke-caused-by-rare-disorder/",MakisMD,25h,1145,61,672,61000,32,1,3,0,1,0,0,0
219,Wait don‚Äôt go! someone needs to answer for the excess deaths!,assuie17,3h,116,13,34,2326,11,0,0,0,1,0,0,0
220,"Joanne got vaccinated **To not die from covid-19 Ironically, she died suddenly.",vancemurphy,10h,371,20,159,12000,12,0,2,0,1,0,0,0
221,"Covid-19 | India reports 10,158 new cases in last 24 hours; the active caseload stands at 44,998 (Representative Image)",ANI,9h,312,41,139,75000,19,0,0,0,1,0,0,0
222,"#CovidLong #CovidIsNotOver #COVID19 As a matter of interest, how many people do you know who have been vaccinated, and got covid afterwards?",KateChamberlay2,25h,532,143,352,15000,22,0,0,0,1,0,0,0
223,"Happy 100M to the first Korean song that been played in dubai fountain show, was performed in pyeongchang winter olympics, and the song that been used as the theme song for fighting covid 19 in south korea. SUCH AN ICONIC SONG",erixexo9,8h,740,3,238,15000,41,1,0,0,1,0,0,0
224,"The junior who wanted to come to greet Sana at a music show but was told it was difficult due to COVID-19, and she cried in the waiting room is DreamNote‚Äôs Eunjo! ‚ÄúDuring the last album, Eunjo was really looking forward to it because it overlapped with TWICE sunbaenim comeback.-",TWICE_Indonesia,4h,2082,3,588,59000,50,0,1,0,1,0,0,0
225,One of the greatest mysteries of COVID-19: Where did the flu go in 2020 and 2021?,KonekoaTheGreat,25h,83000,4820,19000,8000000,16,1,0,0,1,0,0,0
226,The BBC said that wearing panties on your face can help protect against cOVID-19 . ü©≤ü©≤üëôüëôüëô,unhealthytruth,7h,82,16,35,7289,16,1,0,0,1,0,0,0
227,"Hi, I am Dr. DaChrisSi Strange. I live in Germany and I refuse policies and behaviors that promote mass infection, disablement and death from #COVID19. I will continue to mask to protect others and myself. What about you?",DaChrissiStr,17h,749,35,103,14000,38,1,2,0,1,0,0,0
228,"Hi, I am Dr. DaChrisSi Strange. I live in Germany and I refuse policies and behaviors that promote mass infection, disablement and death from #COVID19. I will continue to mask to protect others and myself. What about you?",DschlospesIsBack,25h,2406,75,710,229000,38,1,2,0,1,0,0,0
229,"Hi, I'm Adithya. I'm a farmer from Saskatchewan, . I'm in a Canadian Tire hardware store looking for a new battery for my tractor. We come from around the & diff walks of life, but we share a common goal to not get COVID-19 & not pass it on to our families or the community.",AdithyaR_YXE,12h,1059,9,117,19000,55,0,0,0,1,0,0,0
230,"Some COVID-careful people wearing even fit-tested N10,000 respirators in risky places will continue to get infected with the COVID virus because they don't know that highly contagious viruses can infect via any mucous membrane, including unprotected eyes.",DeVerdadera1,13h,54,2,18,10000,37,0,4,0,1,0,0,0
231,"If you are still wearing a mask, you have a lot more to be concerned about than COVID-19. Take it off.",drsimonegold,13h,3557,120,573,57000,21,0,1,0,1,0,0,0
232,"I‚Äôm Daryl, I live in British Columbia, Canada and I wear a respirator mask indoors, on public transit, and outdoors when it is crowded. I refuse to accept that COVID-19 infections or reinfections are inevitable. Join me, and together we will rule the galaxy! ",daka_x,17h,425,4,56,9029,44,0,2,0,1,0,0,0
233,"Another paper showing that COVID-19 was a top 10 killer of children, three years in a row. But no, let's keep pushing antivax nonsense... https://jamanetwork.com/journals/jamanetworkopen/fullarticle/2800816",IanCopeland5,25h,3159,432,912,229000,25,1,1,0,1,0,0,0
234,"‚ÄúAs you continue to help guide patients toward COVID-19 vaccination, your practice will receive $50 per Anthem member 6 months of age and older vaccinated by December 31, 2022‚Äù. Crimes against humanity! ",Censored4sur,17h,144,12,89,3636,32,0,0,0,1,0,0,0
235,The CDC knew Vitamin D Prevented Mortality and they did nothing.,zombiemommy,18h,63,6,22,1708,11,0,0,0,1,0,0,0
236,"‚ÄúThe lawsuit states staff refused to save Grace as her parents watched her die on FaceTime. ‚ÄòGrace did not die from COVID-19 and did not have COVID-19 when she died,‚Äô the lawsuit states. ‚ÄòShe died because she was given end of life comfort-care while in recovery. This‚Ä¶",tTheChiefNerd,20m,254,18,124,18000,47,1,3,0,1,0,0,0
237,Chester man Raz Ahmed spared jail over ¬£21k Covid-19 grant fraud. Just bloody marvellous.,Harley_Tory,19h,386,57,305,9844,14,0,1,0,1,0,0,0
238,Tennessee is NOT the free state that it used to be. I have many friends there with newborns who are struggling to get pediatric care because they refused to give their BABIES the COVID-19 vaccine. There is absolutely no scientific justification behind that requirement.,XAVIAERD,35m,74,5,10,1341,44,1,2,0,1,0,0,0
239,"Hello, I‚Äôm Mouthy/Petty RDH in Canada. I also refuse to be an accomplice in the death and injury of my fellow citizens via #COVID19 (re)infections. I will do everything I can to prevent transmssion and educate people about #LongCovid. #WearAMask #WearAMaskSaveALife",Mouthy_RDH,25h,161,4,27,3091,41,0,3,0,1,0,0,0
240,Covid-19 is still an issue in hospitals and masks should remain - nursing union,IrishTimes,3h,31,25,21,9876,14,0,1,0,1,0,0,0
241,This is now officially retracted: https://bmcinfectdis.biomedcentral.com/articles/10.1186/s12879-023-08234-8,stephaniemlee,25h,1604,28,486,276000,6,0,0,0,1,0,0,0
242,High risk of autoimmune diseases after COVID-19,MeetJess,1h,121,5,50,2296,7,0,1,0,1,0,0,0
243,"Thanks to House Republicans‚Äô #CommitmentToAmerica, the COVID-19 national emergency has officially ENDED.",HouseGOP,25h,279,178,81,24000,12,0,1,0,1,0,0,0
244,This is frightening. New study shows that 1 in every 246 people has died within 60 days of Covid-19 vaccination in England.,DiedSuddenly_,22h,2586,115,1241,115000,22,0,1,0,1,0,0,0
245,"Jan Malcolm, Minnesota's former health commissioner, next week will give one of her first public addresses since stepping down, with an emphasis on the importance of post-pandemic lessons.",StarTribune,11h,15,32,4,10000,28,0,0,0,1,0,0,0
246,"CardioVascular #LongCovid Echocardiographic manifestations during the first 3 m after an episode of #COVID19 and their relationship with disease severity and persistence of symptoms: ""Ventricular dysfunction in more than 70% of subjects during the first 3m after a COVID-19‚Ä¶",HarrySpoolstra,5h,91,1,40,6589,39,0,1,0,1,0,0,0
247,A dictatorship of unelected academics is still running what remains of the Government‚Äôs Covid-19 policy. They can work from their laptop at home and they don‚Äôt care what costs they‚Äôre imposing on workers and small businesses with the advice they‚Äôre giving to the Government.,dbseymour,25h,699,398,132,87000,44,1,1,0,1,0,0,0
248,"Hi. I'm Lucille. I live in Canada and I refuse to accept policies and behaviors that promote mass formation psychosis and totalitarianism from #COVID19. I will continue to wear a mask to protect myself, my family, and you. What about you?",LucielleStuckle1,12h,103,17,11,2399,41,1,1,0,1,0,0,0
249,Share this far and wide This silence was held for the fallen healthcare workers at a demo early in the Covid pandemic. At that point the figure was 640 lost So explain how can health trusts be claiming little to no workers died from exposure to Covid 19 in the line of duty?‚Ä¶,NHSActivisitRN,25h,1330,44,925,92000,53,0,3,0,1,0,0,0
250,Jim Chalmers says two-thirds of the debt in the budget was borrowed before the start of the pandemic. Is he correct? - ABC News,Lionheart21112,25H,1468,49,800,51000,24,0,1,0,1,0,0,0
251,"What are the financial penalties for underperforming ministers, who was so incompetent he brought down a government, leaked confidential cabinet information, didn‚Äôt know what the 19 stood for in Covid-19? Take your Tory policies & leave the nurses alone.",Brenbyrn2,19h,162,14,54,5327,39,0,1,0,1,0,0,0
252,"Mark it down for the history books ‚Äî National Emergency on COVID-19: March 13, 2020-April 10, 2023",NiallStanage,25h,1052,206,1428,2000000,17,0,1,0,1,0,0,0
253,BREAKING: Bayern Munich forward Sadio Mane punched teammate Leroy Sane in the face after yesterday‚Äôs Champions League defeat at Manchester City.,SkySportsNews,25h,35000,2495,9584,12000000,21,2,0,0,0,0,0,1
254,Manchester City are putting up FIFA numbers ,goal,25h,23000,67,1038,511000,7,0,0,0,0,0,0,1
255,"A complete performance from Rodrigo. Effort: Ran 12.92km. More than any other player on the pitch. Tenacity: Recovered possession 17 times, the most by a Manchester City player in a single UCL match. Execution: Scored his CL debut goal, in typical Rodri fashion. The BEST‚Ä¶",SheikhMCI,6h,3869,25,216,134000,45,0,0,0,0,0,0,1
256,"Bayern confirm Sadio Man√© will not be in the squad for Saturday's game against Hoffenheim. Statement from Bayern: ""The reason is Man√©'s misconduct after FC Bayern's Champions League match at Manchester City.""",433,4h,9084,109,432,584000,32,0,0,0,0,0,0,1
257,"Pep Guardiola's Manchester City side make history They're unbeaten in their last 25 home Champions League matches at the Etihad (23 wins, 2 draws). The longest unbeaten home run by a Premier League club in the UCL ever.",ESPNFC,25h,21000,319,2915,921000,38,2,0,0,0,0,0,1
258,Arsenal & Manchester City‚Äôs form over the last six games‚Ä¶ I‚Äôm hearing City have gone up a gear recently? Interesting. Eight to go‚Ä¶ #afc,now_arsenaI,7h,2705,20,317,114000,24,0,0,0,0,0,0,1
259,Most clean sheets in Europe‚Äôs top five leagues this season: Barcelona - 24 ùôàùôñùô£ùôòùôùùôöùô®ùô©ùôöùôß ùôêùô£ùôûùô©ùôöùôô - 23 Juventus - 21 Manchester City - 21 Lazio - 21,footballdaily,7h,3102,46,378,356000,27,2,0,0,0,0,0,1
260,Jamal Musiala vs Manchester City- Best youngster in the world? ,MagicalXavi,7h,2636,182,543,377000,10,1,0,0,0,0,0,1
261,Erling Haaland had lost to Bayern Munich all seven times he faced them before today. He had a goal and an assist in Manchester City's win ,brfootball,24h,33000,123,2389,1000000,26,1,1,0,0,0,0,1
262,"I love Manchester City Football Club but we can all agree, despite beating Bayern 3-0, we are still capable of bottling it",PalmerSZNN,24h,1758,58,55,58000,22,2,0,0,0,0,0,1
263,"Fun Fact : If Cristiano Ronaldo never won 4 UCLs with Real Madrid, he would still have more UCLs than Aguero and Manchester City.",TeamCRoanaldo,24h,13000,92,920,355000,24,2,0,0,0,0,0,1
264,Good morning! ,ManCity,24h,28000,261,1586,490000,2,1,0,0,0,0,0,1
265,Bayern fans are selling their tickets for the 2nd leg vs. Manchester City on the club‚Äôs website after the 3-0 defeat.,MunichFanpage,24h,1019,150,301,527000,21,1,0,0,0,0,0,1
266,FULL-TIME | A special #UCL night in Manchester 3-0 #ManCity,ManCity,25h,36000,965,9536,2000000,10,0,0,0,0,0,0,1
267,#ChampionsLeague #MCIFCB May this Smile give Manchester City Win Today,Real_Nafu,25h,8447,239,312,180000,10,2,0,0,0,0,0,1
268,Joao Cancelo is on the bench for Bayern Munich against Manchester City ,goal,25h,23000,87,765,636000,12,0,0,0,0,0,0,1
269,Upamecano vs Manchester City Away | Best defensive skills | Better than Maldini ?,DeIambda,25h,1679,19,503,122000,14,2,1,0,0,0,0,1
270,Pep's full of praise for our defence 3-0 #ManCity,ManCity,24h,10000,71,805,367000,9,1,0,0,0,0,0,1
271,So if Chelsea miraculously beat Real Madrid we have to play Manchester City‚Ä¶,_owurakuampofo,25h,3846,80,246,173000,13,1,0,0,0,0,0,1
272,Arsenal & Manchester City‚Äôs form over the last six games‚Ä¶ I‚Äôm hearing City have gone up a gear recently? Interesting.,arsenalchaptera,6h,15000,171,1172,340000,20,0,0,0,0,0,0,1
273,MANCHESTER CITY FOOTBALL CLUB,mcfc_lads,25h,5752,6,339,83000,4,0,0,0,0,0,0,1
274,"Manchester City have now won 9 games in a row, with an aggregate score of 41-3 Unbeaten in 13 games in all comps Unbeaten in 25 successive #UCL home games [23 Wins & 2 Draws] ",mcfc_lads,24h,2197,14,176,52000,35,2,0,0,0,0,0,1
275,"If Manchester City wins the Champions League, I'm not against Haaland winning the Ballon D'or before the Prince of Paris",j_simire,24h,274,10,23,19000,20,2,0,0,0,0,0,1
276,"G.Agbonlahor exposes Arsenal‚Äôs weakness in title race against Man City. Gabriel Agbonlahor has identified Rob Holding as Arsenal‚Äôs weak link in their Premier League title race with Manchester City. He said that, if you compare Arsenals defence(to city), now that Saliba is out, Holding doesn‚Äôt have the quality to get them ‚Äúover the line‚Äù(Daily post Via HITC)",arsreports,20h,224,22,15,19000,57,1,2,0,0,0,0,1
277,"Hi I‚Äôm new to football twitter, I support Haaland/Manchester City, please like/rt/reply to help me find new mutuals",haaalandsmnace,24h,140,51,22,10000,18,1,0,0,0,0,0,1
278,He was everywhere last night! One word to sum up Rodrigo's performance? ,ManCity,24h,12000,193,718,397000,12,0,0,0,0,0,0,1
279,"During Manchester City - Bayern Munich many (myself included) were surprised by Guardiola's decision to change the defensive set-up OOP: Stones RCB with Akanji RB, the opposite of what we've seen in recent weeks. The reason? City's structure in the first pressing phase.",MarcoLoi_23,9h,462,7,59,85000,43,0,2,0,0,0,0,1
280,Chelsea had Ake and let go of him. He's now Manchester City's best defender.,WelBeast,25h,4506,104,212,250000,14,1,0,0,0,0,0,1
281,No Manchester city account should have less than 500 followers Drop a ü©µ and follow whoever likes it make sure to follow me and follow everyone back Let's go #ManCity I hate seeing Manchester city fans with low followers,JBellingham22,10h,139,58,8,3493,39,2,1,0,0,0,0,1
282,No Context Sane and Mane after Manchester City defeat ,tacklefromb,24h,718,6,31,15000,9,2,0,0,0,0,0,1
283,The mighty Arsenal the last time they tried to stop Manchester City.,magicalsilva21,24h,119,2,9,3900,12,1,0,0,0,0,0,1
284,Bayern Munich have suspended Sadio Mane after he punched Leroy Sane in the face after Tuesday's #UCL loss at Manchester City. Mane will be fined and excluded from the Bayern squad for their home Bundesliga match with Hoffenheim on Saturday.,JacobsBen,5h,1016,12,93,109000,40,1,1,0,0,0,0,1
285,Recovery mode ,ManCity,23h,10000,86,579,276000,2,1,0,0,0,0,0,1
